a_lua_i,e_lua_i,M0,inc_lua_i,status,dist_min,t_periapsis,dentro_alerta,dentro_hill,dentro_forte
1.45,0.38,0,0,COLISAO,0.00380438706023186,941.6821969851395,True,True,True
1.45,0.38,0,10,ESTAVEL,0.0022972931459043617,34460.31316438608,True,True,True
1.45,0.38,0,20,ESTAVEL,0.004294142821923702,9405.984637072339,True,True,True
1.45,0.38,45,0,COLISAO,4.5557752397136854e-05,15928.423252120421,True,True,True
1.45,0.38,45,10,ESTAVEL,0.0022897240614297328,43646.39495005667,True,True,True
1.45,0.38,45,20,ESTAVEL,0.0036336688203736176,43978.16727571261,True,True,True
1.45,0.38,90,0,COLISAO,4.409090792905837e-05,6903.101497634886,True,True,True
1.45,0.38,90,10,ESTAVEL,0.002568212045284163,13047.479097700932,True,True,True
1.45,0.38,90,20,ESTAVEL,0.002739001340537505,42040.89327775647,True,True,True
1.45,0.38,135,0,COLISAO,0.00023656349432720552,2053.622709621953,True,True,True
1.45,0.38,135,10,ESTAVEL,0.0018810346130301086,23814.61443043022,True,True,True
1.45,0.38,135,20,ESTAVEL,0.008058212081794393,32483.064034776842,True,True,False
1.45,0.38,180,0,COLISAO,8.633149968213804e-05,21510.29944757571,True,True,True
1.45,0.38,180,10,ESTAVEL,0.008129807073868059,6305.898618771766,True,True,False
1.45,0.38,180,20,ESTAVEL,0.0027891865664391884,32876.207193039445,True,True,True
1.45,0.38,225,0,COLISAO,4.571715694296174e-05,757.1955126825806,True,True,True
1.45,0.38,225,10,ESTAVEL,0.0033484458536544,42142.97760271565,True,True,True
1.45,0.38,225,20,ESTAVEL,0.005400352908997011,16788.517227454213,True,True,False
1.45,0.38,270,0,COLISAO,4.483196187613782e-05,1416.7200049999265,True,True,True
1.45,0.38,270,10,ESTAVEL,0.0040836487514233685,43963.588110072415,True,True,True
1.45,0.38,270,20,ESTAVEL,0.008876761374045333,16428.97038229173,True,True,False
1.45,0.38,315,0,COLISAO,4.575121748728423e-05,9540.768160813437,True,True,True
1.45,0.38,315,10,ESTAVEL,0.003322036779870616,40106.274295774136,True,True,True
1.45,0.38,315,20,ESTAVEL,0.007614223620007117,42009.171682154134,True,True,False
1.45,0.4,0,0,COLISAO,8.862469918653426e-05,12238.295388195911,True,True,True
1.45,0.4,0,10,ESTAVEL,0.002107074674162708,7015.8981989515705,True,True,True
1.45,0.4,0,20,ESTAVEL,0.002604579523990591,9684.010928121641,True,True,True
1.45,0.4,45,0,COLISAO,4.546107256667272e-05,9924.189429024143,True,True,True
1.45,0.4,45,10,ESTAVEL,0.0023074463657981703,33036.048367292286,True,True,True
1.45,0.4,45,20,ESTAVEL,0.0029439871849342627,9873.938305049678,True,True,True
1.45,0.4,90,0,EJETADA,5.992119838634625e-05,8397.023290463223,True,True,True
1.45,0.4,90,10,ESTAVEL,0.0025460107713217387,33338.08691884032,True,True,True
1.45,0.4,90,20,ESTAVEL,0.0335793142443873,8907.910592467832,False,False,False
1.45,0.4,135,0,EJETADA,0.00025347531017396775,3520.4961808960143,True,True,True
1.45,0.4,135,10,ESTAVEL,0.0037522158681160007,12586.115861305345,True,True,True
1.45,0.4,135,20,ESTAVEL,0.0013743176134629865,40024.42190722611,True,True,True
1.45,0.4,180,0,COLISAO,4.4704244806640506e-05,2347.965878819807,True,True,True
1.45,0.4,180,10,ESTAVEL,0.0020853424268954925,12444.220465381646,True,True,True
1.45,0.4,180,20,ESTAVEL,0.014257883679729518,41564.76878915472,True,False,False
1.45,0.4,225,0,COLISAO,0.00019877024404206802,4534.020490487699,True,True,True
1.45,0.4,225,10,ESTAVEL,0.0024244483706491356,7134.871028134166,True,True,True
1.45,0.4,225,20,ESTAVEL,0.010299986795224661,40793.382527594375,True,False,False
1.45,0.4,270,0,COLISAO,0.0003117976163006103,986.3943610316007,True,True,True
1.45,0.4,270,10,ESTAVEL,0.003491108830556256,44825.60663991306,True,True,True
1.45,0.4,270,20,ESTAVEL,0.001661613568122926,41664.908462069696,True,True,True
1.45,0.4,315,0,COLISAO,4.460804111892081e-05,22097.11242438249,True,True,True
1.45,0.4,315,10,ESTAVEL,0.005309554227049463,6847.88567722474,True,True,False
1.45,0.4,315,20,ESTAVEL,0.004332863781922214,33726.56699390354,True,True,True
1.45,0.43,0,0,COLISAO,0.0013209758823594054,2097.535764857091,True,True,True
1.45,0.43,0,10,ESTAVEL,0.0010025585559647787,43730.60610244325,True,True,True
1.45,0.43,0,20,ESTAVEL,0.003964388436623932,37587.930283519614,True,True,True
1.45,0.43,45,0,COLISAO,0.00032266990114398786,967.5023878890445,True,True,True
1.45,0.43,45,10,ESTAVEL,0.0042894831767217485,7818.915581812736,True,True,True
1.45,0.43,45,20,ESTAVEL,0.0037485356044493117,38432.40075127963,True,True,True
1.45,0.43,90,0,EJETADA,5.339198819486383e-05,9965.760303362818,True,True,True
1.45,0.43,90,10,ESTAVEL,0.0067008880662555335,49721.91828479422,True,True,False
1.45,0.43,90,20,ESTAVEL,0.0038211638442497745,32716.366469601315,True,True,True
1.45,0.43,135,0,COLISAO,5.1134234064661115e-05,7415.798945045038,True,True,True
1.45,0.43,135,10,ESTAVEL,0.0024597801339734807,32599.567976110815,True,True,True
1.45,0.43,135,20,ESTAVEL,0.003357194215376044,37070.492776430954,True,True,True
1.45,0.43,180,0,COLISAO,0.00010456150941988861,24371.512280005118,True,True,True
1.45,0.43,180,10,ESTAVEL,0.001831754247019223,26699.37306045523,True,True,True
1.45,0.43,180,20,ESTAVEL,0.030615920152468713,35741.118471995316,False,False,False
1.45,0.43,225,0,COLISAO,0.00047566112959334175,5825.99294553734,True,True,True
1.45,0.43,225,10,ESTAVEL,0.006750222724759194,43404.88273434537,True,True,False
1.45,0.43,225,20,ESTAVEL,0.0039641854484385765,38116.840563301455,True,True,True
1.45,0.43,270,0,COLISAO,7.547963030531307e-05,1898.0102550166162,True,True,True
1.45,0.43,270,10,ESTAVEL,0.008857822132887234,7559.90251167399,True,True,False
1.45,0.43,270,20,ESTAVEL,0.0029596079618065276,10068.992718504265,True,True,True
1.45,0.43,315,0,COLISAO,0.00020806294756587875,14216.930745895454,True,True,True
1.45,0.43,315,10,ESTAVEL,0.0024905919593941144,44655.13709307913,True,True,True
1.45,0.43,315,20,ESTAVEL,0.002940835317996813,37541.68669567195,True,True,True
1.45,0.45,0,0,COLISAO,0.0001980833536926914,27152.67730880255,True,True,True
1.45,0.45,0,10,ESTAVEL,0.005733716213642797,11541.735455442731,True,True,False
1.45,0.45,0,20,ESTAVEL,0.005030013762897877,32552.58040658501,True,True,False
1.45,0.45,45,0,COLISAO,0.0007144342819049261,3793.380078847083,True,True,True
1.45,0.45,45,10,ESTAVEL,0.0038731104631004347,7866.8882928929825,True,True,True
1.45,0.45,45,20,ESTAVEL,0.01088270206151092,10112.982943861807,True,False,False
1.45,0.45,90,0,COLISAO,5.204214622331877e-05,4935.672267417619,True,True,True
1.45,0.45,90,10,ESTAVEL,0.0069602949667350485,26555.021019576918,True,True,False
1.45,0.45,90,20,ESTAVEL,0.03423423428441821,9540.91986311189,False,False,False
1.45,0.45,135,0,EJETADA,8.485210822588655e-05,2197.249599821154,True,True,True
1.45,0.45,135,10,ESTAVEL,0.032999552304540214,6867.807386910851,False,False,False
1.45,0.45,135,20,ESTAVEL,0.017959226956886426,12479.454343641168,True,False,False
1.45,0.45,180,0,EJETADA,5.0075508811097304e-05,5447.261418902813,True,True,True
1.45,0.45,180,10,ESTAVEL,0.00038722345016186597,30170.475960564345,True,True,True
1.45,0.45,180,20,ESTAVEL,0.002842539832820384,12857.439634694776,True,True,True
1.45,0.45,225,0,COLISAO,4.261303114525887e-05,17711.48659172834,True,True,True
1.45,0.45,225,10,ESTAVEL,0.00046231503702025647,43342.606103248116,True,True,True
1.45,0.45,225,20,ESTAVEL,0.008477896129681103,12699.713522237937,True,True,False
1.45,0.45,270,0,COLISAO,0.0006242117043495784,11562.767339561,True,True,True
1.45,0.45,270,10,ESTAVEL,0.002843474846665498,26701.260809333427,True,True,True
1.45,0.45,270,20,ESTAVEL,0.004835340113233772,35871.16004664212,True,True,True
1.45,0.45,315,0,COLISAO,4.373800985214104e-05,4719.171384280943,True,True,True
1.45,0.45,315,10,ESTAVEL,0.0027811997764526568,11526.474053117727,True,True,True
1.45,0.45,315,20,ESTAVEL,0.0045885474411036225,10277.997360347586,True,True,True
1.45,0.5,0,0,COLISAO,0.00010687011826523864,8277.953735956624,True,True,True
1.45,0.5,0,10,ESTAVEL,0.0021755342628110457,8385.888718898394,True,True,True
1.45,0.5,0,20,ESTAVEL,0.0010808412349571153,10501.066472369239,True,True,True
1.45,0.5,45,0,EJETADA,7.923599634604793e-05,11797.120895620532,True,True,True
1.45,0.5,45,10,ESTAVEL,0.007577077027412844,8346.901573870506,True,True,False
1.45,0.5,45,20,ESTAVEL,0.00245849676561789,10940.52712283573,True,True,True
1.45,0.5,90,0,COLISAO,6.12222137641593e-05,9114.373255067148,True,True,True
1.45,0.5,90,10,ESTAVEL,0.001568317411617858,46323.17947406488,True,True,True
1.45,0.5,90,20,ESTAVEL,0.0024755451672691994,10423.000460020772,True,True,True
1.45,0.5,135,0,COLISAO,0.00036976758321663857,5240.4112172851255,True,True,True
1.45,0.5,135,10,ESTAVEL,0.001113638122774628,9916.433019778822,True,True,True
1.45,0.5,135,20,ESTAVEL,0.0012747518941053349,10994.458002924883,True,True,True
1.45,0.5,180,0,COLISAO,4.4290899873219984e-05,10211.49780886595,True,True,True
1.45,0.5,180,10,ESTAVEL,0.00611602174100327,9943.475898603769,True,True,False
1.45,0.5,180,20,ESTAVEL,0.006059677962595017,32905.9584040626,True,True,False
1.45,0.5,225,0,COLISAO,7.742454761040945e-05,18002.015364965428,True,True,True
1.45,0.5,225,10,ESTAVEL,0.0012793822201049624,28836.342758298608,True,True,True
1.45,0.5,225,20,ESTAVEL,0.005427477289848204,31589.39542611903,True,True,False
1.45,0.5,270,0,COLISAO,4.4464353151467494e-05,1184.9972446816062,True,True,True
1.45,0.5,270,10,ESTAVEL,0.0015672074734698809,8415.902631330442,True,True,True
1.45,0.5,270,20,ESTAVEL,0.006991443387609719,11001.456961803464,True,True,False
1.45,0.5,315,0,COLISAO,0.0003628803820382049,209.94062028456756,True,True,True
1.45,0.5,315,10,ESTAVEL,0.019200327368505285,7797.8226670205395,True,False,False
1.45,0.5,315,20,ESTAVEL,0.005183213839175817,31909.613689109894,True,True,False
1.45,0.55,0,0,COLISAO,4.451289984898872e-05,10833.847870160216,True,True,True
1.45,0.55,0,10,ESTAVEL,0.010021447840169895,25509.038263875424,True,False,False
1.45,0.55,0,20,ESTAVEL,0.0016853992154338777,30432.411686503547,True,True,True
1.45,0.55,45,0,COLISAO,0.0010465765687464853,3855.0282087515257,True,True,True
1.45,0.55,45,10,ESTAVEL,0.003274011074258058,25692.05516607951,True,True,True
1.45,0.55,45,20,ESTAVEL,0.07666990815070576,49348.58640912322,False,False,False
1.45,0.55,90,0,COLISAO,0.002349272764144595,2404.0103751967513,True,True,True
1.45,0.55,90,10,ESTAVEL,0.0019146928374969457,28942.42042483522,True,True,True
1.45,0.55,90,20,ESTAVEL,0.0011468095443692553,49815.62797847882,True,True,True
1.45,0.55,135,0,EJETADA,6.528835560867647e-05,20099.786809454163,True,True,True
1.45,0.55,135,10,ESTAVEL,0.001215116918493038,46550.18892049089,True,True,True
1.45,0.55,135,20,ESTAVEL,0.04095012712070402,11080.927476273446,False,False,False
1.45,0.55,180,0,COLISAO,4.2625769161114065e-05,7931.847089590755,True,True,True
1.45,0.55,180,10,ESTAVEL,0.008734059540652392,8444.390290387775,True,True,False
1.45,0.55,180,20,ESTAVEL,0.006599367619722973,30396.092161392306,True,True,False
1.45,0.55,225,0,COLISAO,4.477357348636229e-05,5262.978013400483,True,True,True
1.45,0.55,225,10,ESTAVEL,0.08974613009065907,5810.7503419065515,False,False,False
1.45,0.55,225,20,ESTAVEL,0.06306207492050003,48728.990745810166,False,False,False
1.45,0.55,270,0,COLISAO,4.320596656439651e-05,5672.253348709956,True,True,True
1.45,0.55,270,10,ESTAVEL,0.014443581619825875,8162.8399916116605,True,False,False
1.45,0.55,270,20,ESTAVEL,0.004934971321150382,49715.94145057689,True,True,True
1.45,0.55,315,0,COLISAO,0.00035719463475964233,3141.774772533831,True,True,True
1.45,0.55,315,10,ESTAVEL,0.003199119386727968,24858.184084112912,True,True,True
1.45,0.55,315,20,ESTAVEL,0.029324010354098262,29351.776328656902,False,False,False
1.45,0.6,0,0,COLISAO,0.00016739470661963638,590.9830115128315,True,True,True
1.45,0.6,0,10,ESTAVEL,0.0007657454285733662,24490.881001359216,True,True,True
1.45,0.6,0,20,ESTAVEL,0.04772812757720346,8465.370017668034,False,False,False
1.45,0.6,45,0,COLISAO,4.407300492292747e-05,12798.711197738521,True,True,True
1.45,0.6,45,10,ESTAVEL,0.0034406392152241667,40152.86688530136,True,True,True
1.45,0.6,45,20,ESTAVEL,0.003353604620649373,47439.45816795812,True,True,True
1.45,0.6,90,0,EJETADA,4.3762024076594775e-05,9346.850307421959,True,True,True
1.45,0.6,90,10,ESTAVEL,0.006005736355152272,42735.7821421221,True,True,False
1.45,0.6,90,20,ESTAVEL,0.0046739351308582935,28725.453224935056,True,True,True
1.45,0.6,135,0,COLISAO,0.00012290547966787446,5988.449798444524,True,True,True
1.45,0.6,135,10,ESTAVEL,0.0032734545853939437,41217.99486939531,True,True,True
1.45,0.6,135,20,ESTAVEL,0.001809231459121321,10323.136285567572,True,True,True
1.45,0.6,180,0,COLISAO,0.00012700747372069445,1009.1816994872094,True,True,True
1.45,0.6,180,10,ESTAVEL,0.005214294436162171,8686.890305301136,True,True,False
1.45,0.6,180,20,ESTAVEL,0.0033254500206398563,46078.56676316091,True,True,True
1.45,0.6,225,0,EJETADA,0.0006654268340187215,3788.198814596375,True,True,True
1.45,0.6,225,10,ESTAVEL,0.029485504608285695,24238.778079088686,False,False,False
1.45,0.6,225,20,ESTAVEL,0.008758073668418036,27566.42157150638,True,True,False
1.45,0.6,270,0,COLISAO,0.0002410147244680095,4748.924756811253,True,True,True
1.45,0.6,270,10,ESTAVEL,0.007143700884606388,39870.451586800074,True,True,False
1.45,0.6,270,20,ESTAVEL,0.006424027524750982,10142.901564193047,True,True,False
1.45,0.6,315,0,COLISAO,9.176210358208352e-05,13238.297519975047,True,True,True
1.45,0.6,315,10,ESTAVEL,0.0016470809645526391,42945.17507332412,True,True,True
1.45,0.6,315,20,ESTAVEL,0.004443695987830456,8646.410946442824,True,True,True
1.5,0.38,0,0,COLISAO,4.3655887330390244e-05,5572.051063807147,True,True,True
1.5,0.38,0,10,ESTAVEL,0.000866076947555395,39074.742087383675,True,True,True
1.5,0.38,0,20,ESTAVEL,0.00456123426276844,8081.035093753943,True,True,True
1.5,0.38,45,0,COLISAO,4.53224836731124e-05,5713.013200042783,True,True,True
1.5,0.38,45,10,ESTAVEL,0.0009653570879797986,36435.560454959326,True,True,True
1.5,0.38,45,20,ESTAVEL,0.005555487847008113,41468.34765653334,True,True,False
1.5,0.38,90,0,COLISAO,0.000596712969249098,1561.0355173699113,True,True,True
1.5,0.38,90,10,ESTAVEL,0.001774222585981462,39385.51702754155,True,True,True
1.5,0.38,90,20,ESTAVEL,0.0031146839416399874,38797.892043564476,True,True,True
1.5,0.38,135,0,COLISAO,0.00011822723576990957,2563.8460973741385,True,True,True
1.5,0.38,135,10,ESTAVEL,0.004179291224862383,13157.10630481375,True,True,True
1.5,0.38,135,20,ESTAVEL,0.0030117711391516233,7741.902219862729,True,True,True
1.5,0.38,180,0,COLISAO,0.0002083637385032715,990.5998671260093,True,True,True
1.5,0.38,180,10,ESTAVEL,0.0010333597490897442,38428.176184431155,True,True,True
1.5,0.38,180,20,ESTAVEL,0.0029889908645283772,41416.97301613144,True,True,True
1.5,0.38,225,0,COLISAO,0.0009428093188718694,1828.5199913418016,True,True,True
1.5,0.38,225,10,ESTAVEL,0.000891214102882164,32655.374122309946,True,True,True
1.5,0.38,225,20,ESTAVEL,0.0021523271980334875,40985.894460079624,True,True,True
1.5,0.38,270,0,COLISAO,4.5006345910597484e-05,10687.292602323754,True,True,True
1.5,0.38,270,10,ESTAVEL,0.0036488142490864782,39111.54738429306,True,True,True
1.5,0.38,270,20,ESTAVEL,0.0023237996672213074,49951.15929829612,True,True,True
1.5,0.38,315,0,COLISAO,4.273355305326636e-05,5412.837198605212,True,True,True
1.5,0.38,315,10,ESTAVEL,0.0005578144894080463,30945.65926018023,True,True,True
1.5,0.38,315,20,ESTAVEL,0.005171836377838884,7940.022322203183,True,True,False
1.5,0.4,0,0,COLISAO,4.500952470994199e-05,33574.99209904637,True,True,True
1.5,0.4,0,10,ESTAVEL,0.005612423853964867,6261.801099300351,True,True,False
1.5,0.4,0,20,ESTAVEL,0.0038940132602379896,8321.9222777427,True,True,True
1.5,0.4,45,0,COLISAO,6.459941708172369e-05,9297.826492274735,True,True,True
1.5,0.4,45,10,ESTAVEL,0.0030606496587696624,23907.927853238783,True,True,True
1.5,0.4,45,20,ESTAVEL,0.004336953767010003,8584.916770437318,True,True,True
1.5,0.4,90,0,COLISAO,0.00012884245129322718,3790.402215306726,True,True,True
1.5,0.4,90,10,ESTAVEL,0.003932642499356068,23079.8785547047,True,True,True
1.5,0.4,90,20,ESTAVEL,0.0029654807535461247,14837.22326574584,True,True,True
1.5,0.4,135,0,COLISAO,0.00010174641022642214,8622.608431491573,True,True,True
1.5,0.4,135,10,ESTAVEL,0.0039117364247151926,13132.219114298965,True,True,True
1.5,0.4,135,20,ESTAVEL,0.0010057563175365715,8537.968009054948,True,True,True
1.5,0.4,180,0,COLISAO,4.4053857951861505e-05,9863.687838308291,True,True,True
1.5,0.4,180,10,ESTAVEL,0.0025895706966792506,31082.65055980151,True,True,True
1.5,0.4,180,20,ESTAVEL,0.004821816776470909,30235.50264983751,True,True,True
1.5,0.4,225,0,COLISAO,0.00016130624785718096,9299.64534269747,True,True,True
1.5,0.4,225,10,ESTAVEL,0.008639771989385052,31263.5880256266,True,True,False
1.5,0.4,225,20,ESTAVEL,0.0010326378358141825,14961.674868527967,True,True,True
1.5,0.4,270,0,COLISAO,4.314555963054182e-05,37338.362412727714,True,True,True
1.5,0.4,270,10,ESTAVEL,0.00720866493002952,5936.895795207286,True,True,False
1.5,0.4,270,20,ESTAVEL,0.0024539072211641412,8478.94025649544,True,True,True
1.5,0.4,315,0,COLISAO,4.552745585416343e-05,4825.519480831369,True,True,True
1.5,0.4,315,10,ESTAVEL,0.002450234788658467,49423.520198319726,True,True,True
1.5,0.4,315,20,ESTAVEL,0.005788346051261567,14910.78436840669,True,True,False
1.5,0.43,0,0,COLISAO,0.0007162253665383073,7549.050204635642,True,True,True
1.5,0.43,0,10,ESTAVEL,0.002026349936969707,46115.76573256926,True,True,True
1.5,0.43,0,20,ESTAVEL,0.008253014032139454,13251.476091536359,True,True,False
1.5,0.43,45,0,COLISAO,4.30087952989526e-05,8342.454630063707,True,True,True
1.5,0.43,45,10,ESTAVEL,0.0017196924442533052,6842.844727308784,True,True,True
1.5,0.43,45,20,ESTAVEL,0.008901976517102065,35128.62132715266,True,True,False
1.5,0.43,90,0,COLISAO,4.3435576928724094e-05,23102.741428038986,True,True,True
1.5,0.43,90,10,ESTAVEL,0.012228630316455933,11403.211273278896,True,False,False
1.5,0.43,90,20,ESTAVEL,0.0015946275518881445,30557.454308878547,True,True,True
1.5,0.43,135,0,COLISAO,0.0018732291282661962,4502.937125591575,True,True,True
1.5,0.43,135,10,ESTAVEL,0.005955744351304445,11964.327407791472,True,True,False
1.5,0.43,135,20,ESTAVEL,0.005716038060086543,35061.09249823619,True,True,False
1.5,0.43,180,0,COLISAO,0.0003899108754269254,2960.310485336031,True,True,True
1.5,0.43,180,10,ESTAVEL,0.0023316096979727834,41784.984659953814,True,True,True
1.5,0.43,180,20,ESTAVEL,0.003723642094920805,30586.81339522705,True,True,True
1.5,0.43,225,0,COLISAO,4.48770190681215e-05,20304.34880946173,True,True,True
1.5,0.43,225,10,ESTAVEL,0.0013905873461430016,24418.964383647515,True,True,True
1.5,0.43,225,20,ESTAVEL,0.006185338407328908,30463.604259687407,True,True,False
1.5,0.43,270,0,COLISAO,4.307098114082282e-05,22549.332025068543,True,True,True
1.5,0.43,270,10,ESTAVEL,0.002103612322277431,6751.8652496886725,True,True,True
1.5,0.43,270,20,ESTAVEL,0.002320655856881342,9053.944094535182,True,True,True
1.5,0.43,315,0,COLISAO,0.0010113077297958758,205.892499460354,True,True,True
1.5,0.43,315,10,ESTAVEL,0.0029250356277158236,11695.179465927762,True,True,True
1.5,0.43,315,20,ESTAVEL,0.003737856371239273,13199.331716781899,True,True,True
1.5,0.45,0,0,COLISAO,4.56522984880259e-05,6852.904458402362,True,True,True
1.5,0.45,0,10,ESTAVEL,0.003382905162291828,29022.593042007422,True,True,True
1.5,0.45,0,20,ESTAVEL,0.0017757029851381784,30200.36598134513,True,True,True
1.5,0.45,45,0,COLISAO,0.0002839661366841021,13914.840487162855,True,True,True
1.5,0.45,45,10,ESTAVEL,0.003415838527072541,40572.9101145411,True,True,True
1.5,0.45,45,20,ESTAVEL,0.0035849175899841006,12215.51952143552,True,True,True
1.5,0.45,90,0,COLISAO,0.00027909418494357404,6238.538723090939,True,True,True
1.5,0.45,90,10,ESTAVEL,0.004727195391602162,29641.910079294597,True,True,True
1.5,0.45,90,20,ESTAVEL,0.010528096015685249,9009.929159999585,True,False,False
1.5,0.45,135,0,COLISAO,4.4029278425488294e-05,27653.743207330357,True,True,True
1.5,0.45,135,10,ESTAVEL,0.00259683682918522,29349.10029843806,True,True,True
1.5,0.45,135,20,ESTAVEL,0.008685791417660032,9417.947614916244,True,True,False
1.5,0.45,180,0,EJETADA,5.8107435769070484e-05,19132.93028145407,True,True,True
1.5,0.45,180,10,ESTAVEL,0.001667215621051393,11289.265139151783,True,True,True
1.5,0.45,180,20,ESTAVEL,0.004416624695513791,12395.434411367156,True,True,True
1.5,0.45,225,0,COLISAO,4.376360251352154e-05,18559.34629703204,True,True,True
1.5,0.45,225,10,ESTAVEL,0.0005711761857901694,49079.88418359003,True,True,True
1.5,0.45,225,20,ESTAVEL,0.002681485452060556,9245.945125505465,True,True,True
1.5,0.45,270,0,COLISAO,4.563219725868052e-05,10758.334366620205,True,True,True
1.5,0.45,270,10,ESTAVEL,0.00449025928265964,46746.570068857276,True,True,True
1.5,0.45,270,20,ESTAVEL,0.002339971116272824,9244.943208186045,True,True,True
1.5,0.45,315,0,COLISAO,0.00027117934083393624,3815.6932320015953,True,True,True
1.5,0.45,315,10,ESTAVEL,0.003740368979384276,7158.852195428224,True,True,True
1.5,0.45,315,20,ESTAVEL,0.0029358670542298164,29707.251066003755,True,True,True
1.5,0.5,0,0,COLISAO,8.855733308490448e-05,8274.589916044182,True,True,True
1.5,0.5,0,10,ESTAVEL,0.0007420501154852013,7645.8410062049525,True,True,True
1.5,0.5,0,20,ESTAVEL,0.008022030455091695,29362.446157166985,True,True,False
1.5,0.5,45,0,COLISAO,4.372174533141119e-05,44257.401750514204,True,True,True
1.5,0.5,45,10,ESTAVEL,0.0039628231895035134,41792.64424139253,True,True,True
1.5,0.5,45,20,ESTAVEL,0.007371854341603454,9658.956808638386,True,True,False
1.5,0.5,90,0,COLISAO,4.4593875594289725e-05,17522.918510508498,True,True,True
1.5,0.5,90,10,ESTAVEL,0.0037783561447154515,27807.520562137925,True,True,True
1.5,0.5,90,20,ESTAVEL,0.0036424473227479447,9551.932446484121,True,True,True
1.5,0.5,135,0,EJETADA,5.101958773859247e-05,13426.192679763091,True,True,True
1.5,0.5,135,10,ESTAVEL,0.007229205519896959,41360.744043168634,True,True,False
1.5,0.5,135,20,ESTAVEL,0.011602715207219661,48458.095809056074,True,False,False
1.5,0.5,180,0,COLISAO,0.00010384940331207582,10557.382506898453,True,True,True
1.5,0.5,180,10,ESTAVEL,0.0033746776776138855,26624.540274611718,True,True,True
1.5,0.5,180,20,ESTAVEL,0.003734131893708444,30461.526504264883,True,True,True
1.5,0.5,225,0,COLISAO,0.00026022664367164795,6779.030518320011,True,True,True
1.5,0.5,225,10,ESTAVEL,0.0015662039881221507,45019.4734905758,True,True,True
1.5,0.5,225,20,ESTAVEL,0.0032263909397425325,48616.76901799349,True,True,True
1.5,0.5,270,0,EJETADA,0.0002024156789238767,6512.514776162636,True,True,True
1.5,0.5,270,10,ESTAVEL,0.004265270945870304,26613.326557794615,True,True,True
1.5,0.5,270,20,ESTAVEL,0.04583764475433243,28344.93357802161,False,False,False
1.5,0.5,315,0,EJETADA,4.363779823235454e-05,335.51715222780734,True,True,True
1.5,0.5,315,10,ESTAVEL,0.004693902185838966,7529.858717342917,True,True,True
1.5,0.5,315,20,ESTAVEL,0.0039369270632475875,30665.68326447226,True,True,True
1.5,0.55,0,0,COLISAO,0.0002667407869023981,546.0244837451264,True,True,True
1.5,0.55,0,10,ESTAVEL,0.006150074094225904,8134.875645672926,True,True,False
1.5,0.55,0,20,ESTAVEL,0.0003202969297472888,27948.438386400772,True,True,True
1.5,0.55,45,0,COLISAO,6.625509813113769e-05,1420.6334110021198,True,True,True
1.5,0.55,45,10,ESTAVEL,0.004362446886550004,8696.417571942453,True,True,True
1.5,0.55,45,20,ESTAVEL,0.0019232204376750583,47028.67769746659,True,True,True
1.5,0.55,90,0,COLISAO,0.003105320737185224,3002.2631286559686,True,True,True
1.5,0.55,90,10,ESTAVEL,0.0019264248734297156,24011.201877382948,True,True,True
1.5,0.55,90,20,ESTAVEL,0.013741920908527726,9543.418818043274,True,False,False
1.5,0.55,135,0,COLISAO,0.00021399385230722512,17449.17791523795,True,True,True
1.5,0.55,135,10,ESTAVEL,0.0016327954821357626,25249.92963692553,True,True,True
1.5,0.55,135,20,ESTAVEL,0.00593845815622792,9242.397312239656,True,True,False
1.5,0.55,180,0,COLISAO,0.0003755703201739421,1802.4287971879962,True,True,True
1.5,0.55,180,10,ESTAVEL,0.002154599363030191,8038.8454352859335,True,True,True
1.5,0.55,180,20,ESTAVEL,0.0038562484268759977,46923.257262239575,True,True,True
1.5,0.55,225,0,COLISAO,0.00016121009452013462,3056.4202815242606,True,True,True
1.5,0.55,225,10,ESTAVEL,0.002159383343771973,8467.362316980081,True,True,True
1.5,0.55,225,20,ESTAVEL,0.0035955076042806892,27866.131467982566,True,True,True
1.5,0.55,270,0,EJETADA,0.00021619770422905154,12958.213876755319,True,True,True
1.5,0.55,270,10,ESTAVEL,0.001323997189369236,8504.32071136101,True,True,True
1.5,0.55,270,20,ESTAVEL,0.00611219078150025,46917.72077156796,True,True,False
1.5,0.55,315,0,COLISAO,0.0001041483233302415,24743.12802339423,True,True,True
1.5,0.55,315,10,ESTAVEL,0.004704931491088325,41001.099407203015,True,True,True
1.5,0.55,315,20,ESTAVEL,0.002781720538659813,9532.911523124008,True,True,True
1.5,0.6,0,0,EJETADA,0.005902294908661465,2180.115131996534,True,True,False
1.5,0.6,0,10,ESTAVEL,0.004112778317227691,23458.6561417621,True,True,True
1.5,0.6,0,20,ESTAVEL,0.002766085440967791,43449.896761906595,True,True,True
1.5,0.6,45,0,COLISAO,4.593805650335569e-05,4106.380262052534,True,True,True
1.5,0.6,45,10,ESTAVEL,0.0024390897539899783,8162.811268416629,True,True,True
1.5,0.6,45,20,ESTAVEL,0.0017055664221745418,43722.56512652546,True,True,True
1.5,0.6,90,0,COLISAO,4.499720292759186e-05,3124.9327574901085,True,True,True
1.5,0.6,90,10,ESTAVEL,0.0023283331767634296,23347.957071684374,True,True,True
1.5,0.6,90,20,ESTAVEL,0.007533831346918044,43748.650007953125,True,True,False
1.5,0.6,135,0,COLISAO,4.317467957561412e-05,2361.954779715842,True,True,True
1.5,0.6,135,10,ESTAVEL,0.0043694784534507175,39314.9027158539,True,True,True
1.5,0.6,135,20,ESTAVEL,0.005993197911581983,8351.376382810762,True,True,False
1.5,0.6,180,0,COLISAO,4.329172891806115e-05,7975.027589752162,True,True,True
1.5,0.6,180,10,ESTAVEL,0.000965873093381631,39095.20829515016,True,True,True
1.5,0.6,180,20,ESTAVEL,0.0045291335769626,26824.66830926561,True,True,True
1.5,0.6,225,0,COLISAO,0.0016390756373834523,2409.1099087241673,True,True,True
1.5,0.6,225,10,ESTAVEL,0.0045927322516484785,23627.850771979185,True,True,True
1.5,0.6,225,20,ESTAVEL,0.007242441042583409,43788.33638675971,True,True,False
1.5,0.6,270,0,COLISAO,4.26313709853139e-05,3004.5449997184514,True,True,True
1.5,0.6,270,10,ESTAVEL,0.005490777227845009,37980.79482651313,True,True,False
1.5,0.6,270,20,ESTAVEL,0.01128847661394202,8252.375842713198,True,False,False
1.5,0.6,315,0,COLISAO,4.493312641936149e-05,4063.1389462283996,True,True,True
1.5,0.6,315,10,ESTAVEL,0.010795389796931404,8387.833653571193,True,False,False
1.5,0.6,315,20,ESTAVEL,0.006270292262973968,9428.937164094004,True,True,False
1.6,0.38,0,0,COLISAO,4.5792020421037404e-05,13477.95387350901,True,True,True
1.6,0.38,0,10,ESTAVEL,0.004771149980996765,1806.7597890834904,True,True,True
1.6,0.38,0,20,ESTAVEL,0.00558253261508551,18505.08120565598,True,True,False
1.6,0.38,45,0,COLISAO,4.265121520583374e-05,2450.05083435861,True,True,True
1.6,0.38,45,10,ESTAVEL,0.009749349644227325,1246.7489020295661,True,True,False
1.6,0.38,45,20,ESTAVEL,0.003136829136361898,19543.967391499264,True,True,True
1.6,0.38,90,0,COLISAO,4.444016465736922e-05,3962.723422318145,True,True,True
1.6,0.38,90,10,ESTAVEL,0.002500799762785623,2473.684324097122,True,True,True
1.6,0.38,90,20,ESTAVEL,0.006070310666476375,18512.971120977538,True,True,False
1.6,0.38,135,0,COLISAO,4.344420955320523e-05,22359.478534641617,True,True,True
1.6,0.38,135,10,ESTAVEL,0.003160704706913038,2360.5441074516907,True,True,True
1.6,0.38,135,20,ESTAVEL,0.00306550077453135,3727.9002527121975,True,True,True
1.6,0.38,180,0,COLISAO,0.0007031008438752586,2186.1014629347055,True,True,True
1.6,0.38,180,10,ESTAVEL,0.0041646586592526316,2825.8119182192245,True,True,True
1.6,0.38,180,20,ESTAVEL,0.005125670289694909,4599.837586797121,True,True,False
1.6,0.38,225,0,COLISAO,4.577013041639675e-05,3253.1258696485065,True,True,True
1.6,0.38,225,10,ESTAVEL,0.003657600961807403,2296.7740697929435,True,True,True
1.6,0.38,225,20,ESTAVEL,0.0028152412955402394,4136.649309972361,True,True,True
1.6,0.38,270,0,COLISAO,0.0002445506769088638,774.1902133063239,True,True,True
1.6,0.38,270,10,ESTAVEL,0.005575647309424501,2449.5488544040477,True,True,False
1.6,0.38,270,20,ESTAVEL,0.005084010049598516,3409.805681659212,True,True,False
1.6,0.38,315,0,COLISAO,4.262536370256071e-05,28563.149573450428,True,True,True
1.6,0.38,315,10,ESTAVEL,0.004726340805879474,2497.709005587232,True,True,True
1.6,0.38,315,20,ESTAVEL,0.006324463680329723,18684.966013989633,True,True,False
1.6,0.4,0,0,COLISAO,9.064484467028475e-05,6999.2440977359465,True,True,True
1.6,0.4,0,10,ESTAVEL,0.04496946803325797,391.72008333037115,False,False,False
1.6,0.4,0,20,ESTAVEL,0.0018663590048912458,14913.547119600495,True,True,True
1.6,0.4,45,0,EJETADA,4.891445345423023e-05,38058.050232641515,True,True,True
1.6,0.4,45,10,ESTAVEL,0.0023495168807779964,3846.838147087811,True,True,True
1.6,0.4,45,20,ESTAVEL,0.005779307078323009,36460.529628904995,True,True,False
1.6,0.4,90,0,COLISAO,0.0002652368192374445,2945.1326326523717,True,True,True
1.6,0.4,90,10,ESTAVEL,0.0026447388741970964,17599.800240502682,True,True,True
1.6,0.4,90,20,ESTAVEL,0.0048431249160965275,36552.04114241696,True,True,True
1.6,0.4,135,0,COLISAO,0.0002839944182785945,4678.968081088653,True,True,True
1.6,0.4,135,10,ESTAVEL,0.0013268744126169387,12941.226310350956,True,True,True
1.6,0.4,135,20,ESTAVEL,0.005676201665602621,25199.442955072314,True,True,False
1.6,0.4,180,0,COLISAO,4.472003363211243e-05,4289.05917220051,True,True,True
1.6,0.4,180,10,ESTAVEL,0.0022979753798276718,30104.296436366938,True,True,True
1.6,0.4,180,20,ESTAVEL,0.002441247784211811,23048.24141699204,True,True,True
1.6,0.4,225,0,COLISAO,0.0014625937472648141,210.62280389437637,True,True,True
1.6,0.4,225,10,ESTAVEL,0.0019357137529793127,19022.42802609909,True,True,True
1.6,0.4,225,20,ESTAVEL,0.0038995897266369843,23610.72266395355,True,True,True
1.6,0.4,270,0,COLISAO,0.00012689925474854814,11979.438897458343,True,True,True
1.6,0.4,270,10,ESTAVEL,0.006764052110335798,12437.44514720857,True,True,False
1.6,0.4,270,20,ESTAVEL,0.0007917655972886451,38881.32485799526,True,True,True
1.6,0.4,315,0,ESTAVEL,6.294025543771044e-05,32073.540789589868,True,True,True
1.6,0.4,315,10,ESTAVEL,0.0044944313294380395,12964.346837693078,True,True,True
1.6,0.4,315,20,ESTAVEL,0.002606206623460862,39638.98152455933,True,True,True
1.6,0.43,0,0,ESTAVEL,0.00025281344775326226,10149.245863851122,True,True,True
1.6,0.43,0,10,ESTAVEL,0.001604361450734348,27813.86482324385,True,True,True
1.6,0.43,0,20,ESTAVEL,0.0024870423083316346,12741.323506802655,True,True,True
1.6,0.43,45,0,COLISAO,4.32615716438207e-05,1942.578675964781,True,True,True
1.6,0.43,45,10,ESTAVEL,0.002946113272889407,33700.5060286494,True,True,True
1.6,0.43,45,20,ESTAVEL,0.015464810216834964,7362.88579729218,True,False,False
1.6,0.43,90,0,COLISAO,0.0001632441907282081,6367.678457935785,True,True,True
1.6,0.43,90,10,ESTAVEL,0.0033535185021547837,27847.23297166713,True,True,True
1.6,0.43,90,20,ESTAVEL,0.0028878201047267977,12660.319842616454,True,True,True
1.6,0.43,135,0,COLISAO,4.371657998851944e-05,16565.350512266024,True,True,True
1.6,0.43,135,10,ESTAVEL,0.00117575820837818,29238.422207825995,True,True,True
1.6,0.43,135,20,ESTAVEL,0.00744832429737425,42715.70225513843,True,True,False
1.6,0.43,180,0,ESTAVEL,0.00045807581260435144,3893.2697513162843,True,True,True
1.6,0.43,180,10,ESTAVEL,0.0017690945262412376,20193.644427806878,True,True,True
1.6,0.43,180,20,ESTAVEL,0.0063484328451144855,43699.182738374395,True,True,False
1.6,0.43,225,0,COLISAO,0.003312962243773085,174.5920854397069,True,True,True
1.6,0.43,225,10,ESTAVEL,0.0017225277740508047,33700.45475394979,True,True,True
1.6,0.43,225,20,ESTAVEL,0.004112659420554088,12753.31060577686,True,True,True
1.6,0.43,270,0,COLISAO,0.0001701956325452168,1310.8957068747711,True,True,True
1.6,0.43,270,10,ESTAVEL,0.0034346133046736335,11565.900165727558,True,True,True
1.6,0.43,270,20,ESTAVEL,0.005498889325089831,7128.892968261917,True,True,False
1.6,0.43,315,0,COLISAO,4.463511312841564e-05,3717.4366440851854,True,True,True
1.6,0.43,315,10,ESTAVEL,0.0007095942391864171,48525.09574700832,True,True,True
1.6,0.43,315,20,ESTAVEL,0.004338508963167678,43222.25836121373,True,True,True
1.6,0.45,0,0,COLISAO,0.000316498669581792,15512.521117268121,True,True,True
1.6,0.45,0,10,ESTAVEL,0.006242707247023639,21036.950005383664,True,True,False
1.6,0.45,0,20,ESTAVEL,0.0034436217800652594,11792.514407645727,True,True,True
1.6,0.45,45,0,COLISAO,0.00028016216572143346,5974.6889205517655,True,True,True
1.6,0.45,45,10,ESTAVEL,0.0026832278546829328,48190.85975382557,True,True,True
1.6,0.45,45,20,ESTAVEL,0.004184438877560009,30664.45598047117,True,True,True
1.6,0.45,90,0,COLISAO,5.4239960023655685e-05,1788.15774451257,True,True,True
1.6,0.45,90,10,ESTAVEL,0.001784418750371084,5562.880404836291,True,True,True
1.6,0.45,90,20,ESTAVEL,0.0037183933331010454,25824.099954979527,True,True,True
1.6,0.45,135,0,COLISAO,0.00014202860295237134,10930.34968716282,True,True,True
1.6,0.45,135,10,ESTAVEL,0.006633366402295687,5706.763043360075,True,True,False
1.6,0.45,135,20,ESTAVEL,0.002156313285814151,43107.05358877084,True,True,True
1.6,0.45,180,0,COLISAO,4.396715900927149e-05,10108.95219534136,True,True,True
1.6,0.45,180,10,ESTAVEL,0.0022313881641999023,26260.859281615743,True,True,True
1.6,0.45,180,20,ESTAVEL,0.0031796945394275754,42667.35374484931,True,True,True
1.6,0.45,225,0,COLISAO,0.0005249531391975248,6455.204816109863,True,True,True
1.6,0.45,225,10,ESTAVEL,0.003972922083891532,21664.290046757793,True,True,True
1.6,0.45,225,20,ESTAVEL,0.002318138275912145,30218.65841969104,True,True,True
1.6,0.45,270,0,COLISAO,4.5289990587685995e-05,709.5028495784037,True,True,True
1.6,0.45,270,10,ESTAVEL,0.0035682808023252085,42075.94564894456,True,True,True
1.6,0.45,270,20,ESTAVEL,0.002662034670426902,11600.438416990384,True,True,True
1.6,0.45,315,0,COLISAO,0.00028959049448082456,11424.101232381083,True,True,True
1.6,0.45,315,10,ESTAVEL,8.411875785101375e-05,10739.039040688484,True,True,True
1.6,0.45,315,20,ESTAVEL,0.0058619553607678135,42737.32140003742,True,True,False
1.6,0.5,0,0,COLISAO,4.431438992786691e-05,20131.750404819413,True,True,True
1.6,0.5,0,10,ESTAVEL,0.007308415107129145,35632.518509019144,True,True,False
1.6,0.5,0,20,ESTAVEL,0.003819116914334012,9859.481027797781,True,True,True
1.6,0.5,45,0,COLISAO,4.458003995875544e-05,39681.42651227938,True,True,True
1.6,0.5,45,10,ESTAVEL,0.005010352720399355,48336.085075482915,True,True,False
1.6,0.5,45,20,ESTAVEL,0.0018468652004065928,9972.198267567788,True,True,True
1.6,0.5,90,0,COLISAO,8.671779082741507e-05,986.8758383190268,True,True,True
1.6,0.5,90,10,ESTAVEL,0.0026580563078050677,40258.58688275867,True,True,True
1.6,0.5,90,20,ESTAVEL,0.003925952677816406,7925.890797603223,True,True,True
1.6,0.5,135,0,COLISAO,0.0002843198974164207,8876.47073557946,True,True,True
1.6,0.5,135,10,ESTAVEL,0.006649248361328281,6539.845573280804,True,True,False
1.6,0.5,135,20,ESTAVEL,0.0008115871239707637,27895.854890282728,True,True,True
1.6,0.5,180,0,COLISAO,0.00025143125293557346,2929.239390232235,True,True,True
1.6,0.5,180,10,ESTAVEL,0.0028014537766930135,9197.392484912361,True,True,True
1.6,0.5,180,20,ESTAVEL,0.0038278480805560787,25366.37905099981,True,True,True
1.6,0.5,225,0,COLISAO,0.0001230656173787131,546.0133367947241,True,True,True
1.6,0.5,225,10,ESTAVEL,0.003125402056369455,39780.91007139188,True,True,True
1.6,0.5,225,20,ESTAVEL,0.0062037868463161285,45218.135932485675,True,True,False
1.6,0.5,270,0,EJETADA,9.280828909555828e-05,18954.10131118949,True,True,True
1.6,0.5,270,10,ESTAVEL,0.0038114216441164656,6451.859854320643,True,True,True
1.6,0.5,270,20,ESTAVEL,0.0025495289837251917,25382.227409001855,True,True,True
1.6,0.5,315,0,COLISAO,0.00012903330121448052,1751.137096462382,True,True,True
1.6,0.5,315,10,ESTAVEL,0.011829979864765474,35814.29628962428,True,False,False
1.6,0.5,315,20,ESTAVEL,0.005654648547100618,9812.428106576608,True,True,False
1.6,0.55,0,0,COLISAO,0.0002047582797219873,11459.004901508806,True,True,True
1.6,0.55,0,10,ESTAVEL,0.0023352464342743604,49532.70582560245,True,True,True
1.6,0.55,0,20,ESTAVEL,0.00542142319724714,41880.36662296178,True,True,False
1.6,0.55,45,0,COLISAO,4.546016653852358e-05,106.93169367720529,True,True,True
1.6,0.55,45,10,ESTAVEL,0.001353351506348648,34717.19665102169,True,True,True
1.6,0.55,45,20,ESTAVEL,0.0072871264808337865,8499.359301974335,True,True,False
1.6,0.55,90,0,COLISAO,0.00019854226206787628,5452.3215356104,True,True,True
1.6,0.55,90,10,ESTAVEL,0.0022803913064782925,48252.819090650206,True,True,True
1.6,0.55,90,20,ESTAVEL,0.0027714025625722775,8157.906616382016,True,True,True
1.6,0.55,135,0,COLISAO,9.657867520429492e-05,315.4748819444959,True,True,True
1.6,0.55,135,10,ESTAVEL,0.00518537804494959,8055.31631084788,True,True,False
1.6,0.55,135,20,ESTAVEL,0.0025535860226456692,40595.60490942053,True,True,True
1.6,0.55,180,0,COLISAO,4.479891524776299e-05,9617.83383449106,True,True,True
1.6,0.55,180,10,ESTAVEL,0.001575455375412406,34179.640890257884,True,True,True
1.6,0.55,180,20,ESTAVEL,0.0060157236062107775,8623.339874850642,True,True,False
1.6,0.55,225,0,COLISAO,8.832055989005528e-05,8769.065209044682,True,True,True
1.6,0.55,225,10,ESTAVEL,0.0037478341910505975,6719.8200454070875,True,True,True
1.6,0.55,225,20,ESTAVEL,0.004718070557619437,25126.968713659036,True,True,True
1.6,0.55,270,0,COLISAO,0.00034828357431378155,24222.799533797508,True,True,True
1.6,0.55,270,10,ESTAVEL,0.002776537759468481,34954.99240664405,True,True,True
1.6,0.55,270,20,ESTAVEL,0.005403331512083878,40933.29555029939,True,True,False
1.6,0.55,315,0,COLISAO,0.0002616522855450022,5196.2347221382215,True,True,True
1.6,0.55,315,10,ESTAVEL,0.0011893853669842774,22842.156841800075,True,True,True
1.6,0.55,315,20,ESTAVEL,0.004148894610788168,40478.322300432446,True,True,True
1.6,0.6,0,0,COLISAO,7.828757124770844e-05,477.00484529862325,True,True,True
1.6,0.6,0,10,ESTAVEL,0.0015792410126309634,46669.55089467351,True,True,True
1.6,0.6,0,20,ESTAVEL,0.008790684660476084,38687.71382167104,True,True,False
1.6,0.6,45,0,COLISAO,0.0003913817415443976,3939.336586030559,True,True,True
1.6,0.6,45,10,ESTAVEL,0.006750496632445177,21037.44573655193,True,True,False
1.6,0.6,45,20,ESTAVEL,0.006807959928771702,7668.349287648569,True,True,False
1.6,0.6,90,0,COLISAO,0.00011193602051803318,5999.864168373324,True,True,True
1.6,0.6,90,10,ESTAVEL,0.004449765931597441,34935.94312236949,True,True,True
1.6,0.6,90,20,ESTAVEL,0.00862141744835348,38028.55885375419,True,True,False
1.6,0.6,135,0,COLISAO,0.0002143346112671094,14244.353243485508,True,True,True
1.6,0.6,135,10,ESTAVEL,0.004845258551237044,47339.231207904166,True,True,True
1.6,0.6,135,20,ESTAVEL,0.0030282043289692737,37833.082705210945,True,True,True
1.6,0.6,180,0,COLISAO,0.0006326165242964988,1473.7657847583478,True,True,True
1.6,0.6,180,10,ESTAVEL,0.009407217894606657,35110.314337104275,True,True,False
1.6,0.6,180,20,ESTAVEL,0.0035167015410381345,38390.400532206775,True,True,True
1.6,0.6,225,0,COLISAO,0.000130589492042854,8128.093079787852,True,True,True
1.6,0.6,225,10,ESTAVEL,0.0023471574388246675,35882.191506788295,True,True,True
1.6,0.6,225,20,ESTAVEL,0.0024806486469738168,7612.341945586171,True,True,True
1.6,0.6,270,0,COLISAO,0.00016346537240147154,1928.2703808614053,True,True,True
1.6,0.6,270,10,ESTAVEL,0.003747021599556657,47061.481510708916,True,True,True
1.6,0.6,270,20,ESTAVEL,0.004361067860658893,23272.226466204258,True,True,True
1.6,0.6,315,0,COLISAO,0.00018061171019864803,10814.33429149196,True,True,True
1.6,0.6,315,10,ESTAVEL,0.0016989069460810148,47380.70503389008,True,True,True
1.6,0.6,315,20,ESTAVEL,0.0020910285616625376,23256.595183963364,True,True,True
